{"id":2,"name":"AIA Quality Gate","conditions":[{"id":7,"metric":"new_security_rating","op":"GT","error":"3"},{"id":8,"metric":"new_reliability_rating","op":"GT","error":"3"},{"id":9,"metric":"new_maintainability_rating","op":"GT","error":"3"},{"id":10,"metric":"new_coverage","op":"LT","error":"0"},{"id":11,"metric":"new_duplicated_lines_density","op":"GT","error":"0"},{"id":12,"metric":"new_security_hotspots_reviewed","op":"LT","error":"100"}],"isBuiltIn":false,"actions":{"rename":false,"setAsDefault":false,"copy":false,"associateProjects":false,"delete":false,"manageConditions":false}}