<?xml version='1.0' encoding='UTF-8'?><profile><name>Sonar way</name><language>xml</language><rules><rule><repositoryKey>xml</repositoryKey><key>S1134</key><type>CODE_SMELL</type><priority>MAJOR</priority><parameters/></rule><rule><repositoryKey>xml</repositoryKey><key>S1135</key><type>CODE_SMELL</type><priority>INFO</priority><parameters/></rule><rule><repositoryKey>xml</repositoryKey><key>S125</key><type>CODE_SMELL</type><priority>MAJOR</priority><parameters/></rule><rule><repositoryKey>xml</repositoryKey><key>S1778</key><type>BUG</type><priority>CRITICAL</priority><parameters/></rule></rules></profile>