<?xml version='1.0' encoding='UTF-8'?><profile><name>AIA Quality Profile</name><language>java</language><rules><rule><repositoryKey>common-java</repositoryKey><key>DuplicatedBlocks</key><type>CODE_SMELL</type><priority>MAJOR</priority><parameters/></rule><rule><repositoryKey>java</repositoryKey><key>S100</key><type>CODE_SMELL</type><priority>MINOR</priority><parameters><parameter><key>format</key><value>^[a-z][a-zA-Z0-9]*$</value></parameter></parameters></rule><rule><repositoryKey>java</repositoryKey><key>S101</key><type>CODE_SMELL</type><priority>MINOR</priority><parameters><parameter><key>format</key><value>^[A-Z][a-zA-Z0-9]*$</value></parameter></parameters></rule><rule><repositoryKey>java</repositoryKey><key>S106</key><type>CODE_SMELL</type><priority>MAJOR</priority><parameters/></rule><rule><repositoryKey>java</repositoryKey><key>S1065</key><type>CODE_SMELL</type><priority>MAJOR</priority><parameters/></rule><rule><repositoryKey>java</repositoryKey><key>S1066</key><type>CODE_SMELL</type><priority>MAJOR</priority><parameters/></rule><rule><repositoryKey>java</repositoryKey><key>S1068</key><type>CODE_SMELL</type><priority>MAJOR</priority><parameters/></rule><rule><repositoryKey>java</repositoryKey><key>S107</key><type>CODE_SMELL</type><priority>MAJOR</priority><parameters><parameter><key>max</key><value>7</value></parameter><parameter><key>constructorMax</key><value>7</value></parameter></parameters></rule><rule><repositoryKey>java</repositoryKey><key>S1075</key><type>CODE_SMELL</type><priority>MINOR</priority><parameters/></rule><rule><repositoryKey>java</repositoryKey><key>S108</key><type>CODE_SMELL</type><priority>MAJOR</priority><parameters/></rule><rule><repositoryKey>java</repositoryKey><key>S110</key><type>CODE_SMELL</type><priority>MAJOR</priority><parameters><parameter><key>max</key><value>5</value></parameter></parameters></rule><rule><repositoryKey>java</repositoryKey><key>S1104</key><type>CODE_SMELL</type><priority>MINOR</priority><parameters/></rule><rule><repositoryKey>java</repositoryKey><key>S1110</key><type>CODE_SMELL</type><priority>MAJOR</priority><parameters/></rule><rule><repositoryKey>java</repositoryKey><key>S1111</key><type>BUG</type><priority>MAJOR</priority><parameters/></rule><rule><repositoryKey>java</repositoryKey><key>S1113</key><type>CODE_SMELL</type><priority>CRITICAL</priority><parameters/></rule><rule><repositoryKey>java</repositoryKey><key>S1114</key><type>BUG</type><priority>CRITICAL</priority><parameters/></rule><rule><repositoryKey>java</repositoryKey><key>S1116</key><type>CODE_SMELL</type><priority>MINOR</priority><parameters/></rule><rule><repositoryKey>java</repositoryKey><key>S1117</key><type>CODE_SMELL</type><priority>MAJOR</priority><parameters/></rule><rule><repositoryKey>java</repositoryKey><key>S1118</key><type>CODE_SMELL</type><priority>MAJOR</priority><parameters/></rule><rule><repositoryKey>java</repositoryKey><key>S1119</key><type>CODE_SMELL</type><priority>MAJOR</priority><parameters/></rule><rule><repositoryKey>java</repositoryKey><key>S112</key><type>CODE_SMELL</type><priority>MAJOR</priority><parameters/></rule><rule><repositoryKey>java</repositoryKey><key>S1121</key><type>CODE_SMELL</type><priority>MAJOR</priority><parameters/></rule><rule><repositoryKey>java</repositoryKey><key>S1123</key><type>CODE_SMELL</type><priority>MAJOR</priority><parameters/></rule><rule><repositoryKey>java</repositoryKey><key>S1124</key><type>CODE_SMELL</type><priority>MINOR</priority><parameters/></rule><rule><repositoryKey>java</repositoryKey><key>S1125</key><type>CODE_SMELL</type><priority>MINOR</priority><parameters/></rule><rule><repositoryKey>java</repositoryKey><key>S1126</key><type>CODE_SMELL</type><priority>MINOR</priority><parameters/></rule><rule><repositoryKey>java</repositoryKey><key>S1128</key><type>CODE_SMELL</type><priority>MINOR</priority><parameters/></rule><rule><repositoryKey>java</repositoryKey><key>S1130</key><type>CODE_SMELL</type><priority>MINOR</priority><parameters/></rule><rule><repositoryKey>java</repositoryKey><key>S1133</key><type>CODE_SMELL</type><priority>INFO</priority><parameters/></rule><rule><repositoryKey>java</repositoryKey><key>S1134</key><type>CODE_SMELL</type><priority>MAJOR</priority><parameters/></rule><rule><repositoryKey>java</repositoryKey><key>S1135</key><type>CODE_SMELL</type><priority>INFO</priority><parameters/></rule><rule><repositoryKey>java</repositoryKey><key>S114</key><type>CODE_SMELL</type><priority>MINOR</priority><parameters><parameter><key>format</key><value>^[A-Z][a-zA-Z0-9]*$</value></parameter></parameters></rule><rule><repositoryKey>java</repositoryKey><key>S1141</key><type>CODE_SMELL</type><priority>MAJOR</priority><parameters/></rule><rule><repositoryKey>java</repositoryKey><key>S1143</key><type>BUG</type><priority>CRITICAL</priority><parameters/></rule><rule><repositoryKey>java</repositoryKey><key>S1144</key><type>CODE_SMELL</type><priority>MAJOR</priority><parameters/></rule><rule><repositoryKey>java</repositoryKey><key>S1148</key><type>VULNERABILITY</type><priority>MINOR</priority><parameters/></rule><rule><repositoryKey>java</repositoryKey><key>S1149</key><type>CODE_SMELL</type><priority>MAJOR</priority><parameters/></rule><rule><repositoryKey>java</repositoryKey><key>S115</key><type>CODE_SMELL</type><priority>CRITICAL</priority><parameters><parameter><key>format</key><value>^[A-Z][A-Z0-9]*(_[A-Z0-9]+)*$</value></parameter></parameters></rule><rule><repositoryKey>java</repositoryKey><key>S1150</key><type>CODE_SMELL</type><priority>MAJOR</priority><parameters/></rule><rule><repositoryKey>java</repositoryKey><key>S1153</key><type>CODE_SMELL</type><priority>MINOR</priority><parameters/></rule><rule><repositoryKey>java</repositoryKey><key>S1155</key><type>CODE_SMELL</type><priority>MINOR</priority><parameters/></rule><rule><repositoryKey>java</repositoryKey><key>S1157</key><type>CODE_SMELL</type><priority>MINOR</priority><parameters/></rule><rule><repositoryKey>java</repositoryKey><key>S1158</key><type>CODE_SMELL</type><priority>MINOR</priority><parameters/></rule><rule><repositoryKey>java</repositoryKey><key>S116</key><type>CODE_SMELL</type><priority>MINOR</priority><parameters><parameter><key>format</key><value>^[a-z][a-zA-Z0-9]*$</value></parameter></parameters></rule><rule><repositoryKey>java</repositoryKey><key>S1161</key><type>CODE_SMELL</type><priority>MAJOR</priority><parameters/></rule><rule><repositoryKey>java</repositoryKey><key>S1163</key><type>CODE_SMELL</type><priority>CRITICAL</priority><parameters/></rule><rule><repositoryKey>java</repositoryKey><key>S1165</key><type>CODE_SMELL</type><priority>MINOR</priority><parameters/></rule><rule><repositoryKey>java</repositoryKey><key>S1168</key><type>CODE_SMELL</type><priority>MAJOR</priority><parameters/></rule><rule><repositoryKey>java</repositoryKey><key>S117</key><type>CODE_SMELL</type><priority>MINOR</priority><parameters><parameter><key>format</key><value>^[a-z][a-zA-Z0-9]*$</value></parameter></parameters></rule><rule><repositoryKey>java</repositoryKey><key>S1170</key><type>CODE_SMELL</type><priority>MINOR</priority><parameters/></rule><rule><repositoryKey>java</repositoryKey><key>S1171</key><type>CODE_SMELL</type><priority>MAJOR</priority><parameters/></rule><rule><repositoryKey>java</repositoryKey><key>S1172</key><type>CODE_SMELL</type><priority>MAJOR</priority><parameters/></rule><rule><repositoryKey>java</repositoryKey><key>S1174</key><type>CODE_SMELL</type><priority>CRITICAL</priority><parameters/></rule><rule><repositoryKey>java</repositoryKey><key>S1175</key><type>BUG</type><priority>CRITICAL</priority><parameters/></rule><rule><repositoryKey>java</repositoryKey><key>S1181</key><type>CODE_SMELL</type><priority>MAJOR</priority><parameters/></rule><rule><repositoryKey>java</repositoryKey><key>S1182</key><type>CODE_SMELL</type><priority>MINOR</priority><parameters/></rule><rule><repositoryKey>java</repositoryKey><key>S1185</key><type>CODE_SMELL</type><priority>MINOR</priority><parameters/></rule><rule><repositoryKey>java</repositoryKey><key>S1186</key><type>CODE_SMELL</type><priority>CRITICAL</priority><parameters/></rule><rule><repositoryKey>java</repositoryKey><key>S119</key><type>CODE_SMELL</type><priority>MINOR</priority><parameters><parameter><key>format</key><value>^[A-Z][0-9]?$</value></parameter></parameters></rule><rule><repositoryKey>java</repositoryKey><key>S1190</key><type>CODE_SMELL</type><priority>BLOCKER</priority><parameters/></rule><rule><repositoryKey>java</repositoryKey><key>S1191</key><type>CODE_SMELL</type><priority>MAJOR</priority><parameters/></rule><rule><repositoryKey>java</repositoryKey><key>S1192</key><type>CODE_SMELL</type><priority>CRITICAL</priority><parameters><parameter><key>threshold</key><value>3</value></parameter></parameters></rule><rule><repositoryKey>java</repositoryKey><key>S1193</key><type>CODE_SMELL</type><priority>MAJOR</priority><parameters/></rule><rule><repositoryKey>java</repositoryKey><key>S1195</key><type>CODE_SMELL</type><priority>MINOR</priority><parameters/></rule><rule><repositoryKey>java</repositoryKey><key>S1197</key><type>CODE_SMELL</type><priority>MINOR</priority><parameters/></rule><rule><repositoryKey>java</repositoryKey><key>S1199</key><type>CODE_SMELL</type><priority>MINOR</priority><parameters/></rule><rule><repositoryKey>java</repositoryKey><key>S120</key><type>CODE_SMELL</type><priority>MINOR</priority><parameters><parameter><key>format</key><value>^[a-z_]+(\.[a-z_][a-z0-9_]*)*$</value></parameter></parameters></rule><rule><repositoryKey>java</repositoryKey><key>S1201</key><type>BUG</type><priority>MAJOR</priority><parameters/></rule><rule><repositoryKey>java</repositoryKey><key>S1206</key><type>BUG</type><priority>MINOR</priority><parameters/></rule><rule><repositoryKey>java</repositoryKey><key>S1210</key><type>CODE_SMELL</type><priority>MINOR</priority><parameters/></rule><rule><repositoryKey>java</repositoryKey><key>S1214</key><type>CODE_SMELL</type><priority>CRITICAL</priority><parameters/></rule><rule><repositoryKey>java</repositoryKey><key>S1215</key><type>CODE_SMELL</type><priority>CRITICAL</priority><parameters/></rule><rule><repositoryKey>java</repositoryKey><key>S1217</key><type>BUG</type><priority>MAJOR</priority><parameters/></rule><rule><repositoryKey>java</repositoryKey><key>S1219</key><type>CODE_SMELL</type><priority>BLOCKER</priority><parameters/></rule><rule><repositoryKey>java</repositoryKey><key>S1220</key><type>CODE_SMELL</type><priority>MINOR</priority><parameters/></rule><rule><repositoryKey>java</repositoryKey><key>S1221</key><type>BUG</type><priority>MAJOR</priority><parameters/></rule><rule><repositoryKey>java</repositoryKey><key>S1223</key><type>CODE_SMELL</type><priority>MAJOR</priority><parameters/></rule><rule><repositoryKey>java</repositoryKey><key>S1226</key><type>BUG</type><priority>MINOR</priority><parameters/></rule><rule><repositoryKey>java</repositoryKey><key>S125</key><type>CODE_SMELL</type><priority>MAJOR</priority><parameters/></rule><rule><repositoryKey>java</repositoryKey><key>S1264</key><type>CODE_SMELL</type><priority>MINOR</priority><parameters/></rule><rule><repositoryKey>java</repositoryKey><key>S127</key><type>CODE_SMELL</type><priority>MAJOR</priority><parameters/></rule><rule><repositoryKey>java</repositoryKey><key>S128</key><type>CODE_SMELL</type><priority>BLOCKER</priority><parameters/></rule><rule><repositoryKey>java</repositoryKey><key>S1301</key><type>CODE_SMELL</type><priority>MINOR</priority><parameters/></rule><rule><repositoryKey>java</repositoryKey><key>S131</key><type>CODE_SMELL</type><priority>CRITICAL</priority><parameters/></rule><rule><repositoryKey>java</repositoryKey><key>S1313</key><type>SECURITY_HOTSPOT</type><priority>MINOR</priority><parameters/></rule><rule><repositoryKey>java</repositoryKey><key>S1317</key><type>BUG</type><priority>MAJOR</priority><parameters/></rule><rule><repositoryKey>java</repositoryKey><key>S1319</key><type>CODE_SMELL</type><priority>MINOR</priority><parameters/></rule><rule><repositoryKey>java</repositoryKey><key>S135</key><type>CODE_SMELL</type><priority>MINOR</priority><parameters/></rule><rule><repositoryKey>java</repositoryKey><key>S1444</key><type>VULNERABILITY</type><priority>MINOR</priority><parameters/></rule><rule><repositoryKey>java</repositoryKey><key>S1450</key><type>CODE_SMELL</type><priority>MINOR</priority><parameters/></rule><rule><repositoryKey>java</repositoryKey><key>S1452</key><type>CODE_SMELL</type><priority>CRITICAL</priority><parameters/></rule><rule><repositoryKey>java</repositoryKey><key>S1479</key><type>CODE_SMELL</type><priority>MAJOR</priority><parameters><parameter><key>maximum</key><value>30</value></parameter></parameters></rule><rule><repositoryKey>java</repositoryKey><key>S1481</key><type>CODE_SMELL</type><priority>MINOR</priority><parameters/></rule><rule><repositoryKey>java</repositoryKey><key>S1488</key><type>CODE_SMELL</type><priority>MINOR</priority><parameters/></rule><rule><repositoryKey>java</repositoryKey><key>S1596</key><type>CODE_SMELL</type><priority>MINOR</priority><parameters/></rule><rule><repositoryKey>java</repositoryKey><key>S1598</key><type>CODE_SMELL</type><priority>CRITICAL</priority><parameters/></rule><rule><repositoryKey>java</repositoryKey><key>S1602</key><type>CODE_SMELL</type><priority>MINOR</priority><parameters/></rule><rule><repositoryKey>java</repositoryKey><key>S1604</key><type>CODE_SMELL</type><priority>MAJOR</priority><parameters/></rule><rule><repositoryKey>java</repositoryKey><key>S1607</key><type>CODE_SMELL</type><priority>MAJOR</priority><parameters/></rule><rule><repositoryKey>java</repositoryKey><key>S1610</key><type>CODE_SMELL</type><priority>MINOR</priority><parameters/></rule><rule><repositoryKey>java</repositoryKey><key>S1611</key><type>CODE_SMELL</type><priority>MINOR</priority><parameters/></rule><rule><repositoryKey>java</repositoryKey><key>S1612</key><type>CODE_SMELL</type><priority>MINOR</priority><parameters/></rule><rule><repositoryKey>java</repositoryKey><key>S1640</key><type>CODE_SMELL</type><priority>MINOR</priority><parameters/></rule><rule><repositoryKey>java</repositoryKey><key>S1643</key><type>CODE_SMELL</type><priority>MINOR</priority><parameters/></rule><rule><repositoryKey>java</repositoryKey><key>S1656</key><type>BUG</type><priority>MAJOR</priority><parameters/></rule><rule><repositoryKey>java</repositoryKey><key>S1659</key><type>CODE_SMELL</type><priority>MINOR</priority><parameters/></rule><rule><repositoryKey>java</repositoryKey><key>S1700</key><type>CODE_SMELL</type><priority>MAJOR</priority><parameters/></rule><rule><repositoryKey>java</repositoryKey><key>S1710</key><type>CODE_SMELL</type><priority>MINOR</priority><parameters/></rule><rule><repositoryKey>java</repositoryKey><key>S1751</key><type>BUG</type><priority>MAJOR</priority><parameters/></rule><rule><repositoryKey>java</repositoryKey><key>S1764</key><type>BUG</type><priority>MAJOR</priority><parameters/></rule><rule><repositoryKey>java</repositoryKey><key>S1844</key><type>CODE_SMELL</type><priority>MAJOR</priority><parameters/></rule><rule><repositoryKey>java</repositoryKey><key>S1845</key><type>CODE_SMELL</type><priority>BLOCKER</priority><parameters/></rule><rule><repositoryKey>java</repositoryKey><key>S1849</key><type>BUG</type><priority>MAJOR</priority><parameters/></rule><rule><repositoryKey>java</repositoryKey><key>S1854</key><type>CODE_SMELL</type><priority>MAJOR</priority><parameters/></rule><rule><repositoryKey>java</repositoryKey><key>S1858</key><type>CODE_SMELL</type><priority>MINOR</priority><parameters/></rule><rule><repositoryKey>java</repositoryKey><key>S1860</key><type>BUG</type><priority>MAJOR</priority><parameters/></rule><rule><repositoryKey>java</repositoryKey><key>S1862</key><type>BUG</type><priority>MAJOR</priority><parameters/></rule><rule><repositoryKey>java</repositoryKey><key>S1871</key><type>CODE_SMELL</type><priority>MAJOR</priority><parameters/></rule><rule><repositoryKey>java</repositoryKey><key>S1872</key><type>BUG</type><priority>MAJOR</priority><parameters/></rule><rule><repositoryKey>java</repositoryKey><key>S1874</key><type>CODE_SMELL</type><priority>MINOR</priority><parameters/></rule><rule><repositoryKey>java</repositoryKey><key>S1905</key><type>CODE_SMELL</type><priority>MINOR</priority><parameters/></rule><rule><repositoryKey>java</repositoryKey><key>S1940</key><type>CODE_SMELL</type><priority>MINOR</priority><parameters/></rule><rule><repositoryKey>java</repositoryKey><key>S1948</key><type>CODE_SMELL</type><priority>CRITICAL</priority><parameters/></rule><rule><repositoryKey>java</repositoryKey><key>S1989</key><type>VULNERABILITY</type><priority>MINOR</priority><parameters/></rule><rule><repositoryKey>java</repositoryKey><key>S1994</key><type>CODE_SMELL</type><priority>CRITICAL</priority><parameters/></rule><rule><repositoryKey>java</repositoryKey><key>S2055</key><type>BUG</type><priority>MINOR</priority><parameters/></rule><rule><repositoryKey>java</repositoryKey><key>S2060</key><type>BUG</type><priority>MAJOR</priority><parameters/></rule><rule><repositoryKey>java</repositoryKey><key>S2061</key><type>BUG</type><priority>MAJOR</priority><parameters/></rule><rule><repositoryKey>java</repositoryKey><key>S2062</key><type>CODE_SMELL</type><priority>CRITICAL</priority><parameters/></rule><rule><repositoryKey>java</repositoryKey><key>S2065</key><type>CODE_SMELL</type><priority>MINOR</priority><parameters/></rule><rule><repositoryKey>java</repositoryKey><key>S2066</key><type>BUG</type><priority>MINOR</priority><parameters/></rule><rule><repositoryKey>java</repositoryKey><key>S2068</key><type>SECURITY_HOTSPOT</type><priority>BLOCKER</priority><parameters><parameter><key>credentialWords</key><value>password,passwd,pwd,passphrase,java.naming.security.credentials</value></parameter></parameters></rule><rule><repositoryKey>java</repositoryKey><key>S2077</key><type>SECURITY_HOTSPOT</type><priority>CRITICAL</priority><parameters/></rule><rule><repositoryKey>java</repositoryKey><key>S2092</key><type>SECURITY_HOTSPOT</type><priority>MINOR</priority><parameters/></rule><rule><repositoryKey>java</repositoryKey><key>S2093</key><type>CODE_SMELL</type><priority>CRITICAL</priority><parameters/></rule><rule><repositoryKey>java</repositoryKey><key>S2094</key><type>CODE_SMELL</type><priority>MINOR</priority><parameters/></rule><rule><repositoryKey>java</repositoryKey><key>S2095</key><type>BUG</type><priority>BLOCKER</priority><parameters/></rule><rule><repositoryKey>java</repositoryKey><key>S2097</key><type>BUG</type><priority>MINOR</priority><parameters/></rule><rule><repositoryKey>java</repositoryKey><key>S2109</key><type>BUG</type><priority>MAJOR</priority><parameters/></rule><rule><repositoryKey>java</repositoryKey><key>S2110</key><type>BUG</type><priority>MAJOR</priority><parameters/></rule><rule><repositoryKey>java</repositoryKey><key>S2111</key><type>BUG</type><priority>MAJOR</priority><parameters/></rule><rule><repositoryKey>java</repositoryKey><key>S2112</key><type>CODE_SMELL</type><priority>MAJOR</priority><parameters/></rule><rule><repositoryKey>java</repositoryKey><key>S2114</key><type>BUG</type><priority>MAJOR</priority><parameters/></rule><rule><repositoryKey>java</repositoryKey><key>S2115</key><type>VULNERABILITY</type><priority>BLOCKER</priority><parameters/></rule><rule><repositoryKey>java</repositoryKey><key>S2116</key><type>BUG</type><priority>MAJOR</priority><parameters/></rule><rule><repositoryKey>java</repositoryKey><key>S2118</key><type>BUG</type><priority>MAJOR</priority><parameters/></rule><rule><repositoryKey>java</repositoryKey><key>S2119</key><type>BUG</type><priority>CRITICAL</priority><parameters/></rule><rule><repositoryKey>java</repositoryKey><key>S2121</key><type>BUG</type><priority>MAJOR</priority><parameters/></rule><rule><repositoryKey>java</repositoryKey><key>S2122</key><type>BUG</type><priority>CRITICAL</priority><parameters/></rule><rule><repositoryKey>java</repositoryKey><key>S2123</key><type>BUG</type><priority>MAJOR</priority><parameters/></rule><rule><repositoryKey>java</repositoryKey><key>S2127</key><type>BUG</type><priority>MAJOR</priority><parameters/></rule><rule><repositoryKey>java</repositoryKey><key>S2129</key><type>CODE_SMELL</type><priority>MAJOR</priority><parameters/></rule><rule><repositoryKey>java</repositoryKey><key>S2130</key><type>CODE_SMELL</type><priority>MINOR</priority><parameters/></rule><rule><repositoryKey>java</repositoryKey><key>S2131</key><type>CODE_SMELL</type><priority>MAJOR</priority><parameters/></rule><rule><repositoryKey>java</repositoryKey><key>S2133</key><type>CODE_SMELL</type><priority>MAJOR</priority><parameters/></rule><rule><repositoryKey>java</repositoryKey><key>S2134</key><type>BUG</type><priority>MAJOR</priority><parameters/></rule><rule><repositoryKey>java</repositoryKey><key>S2139</key><type>CODE_SMELL</type><priority>MAJOR</priority><parameters/></rule><rule><repositoryKey>java</repositoryKey><key>S2140</key><type>CODE_SMELL</type><priority>MINOR</priority><parameters/></rule><rule><repositoryKey>java</repositoryKey><key>S2142</key><type>BUG</type><priority>MAJOR</priority><parameters/></rule><rule><repositoryKey>java</repositoryKey><key>S2147</key><type>CODE_SMELL</type><priority>MINOR</priority><parameters/></rule><rule><repositoryKey>java</repositoryKey><key>S2151</key><type>BUG</type><priority>CRITICAL</priority><parameters/></rule><rule><repositoryKey>java</repositoryKey><key>S2153</key><type>BUG</type><priority>MINOR</priority><parameters/></rule><rule><repositoryKey>java</repositoryKey><key>S2154</key><type>BUG</type><priority>MAJOR</priority><parameters/></rule><rule><repositoryKey>java</repositoryKey><key>S2157</key><type>CODE_SMELL</type><priority>CRITICAL</priority><parameters/></rule><rule><repositoryKey>java</repositoryKey><key>S2159</key><type>BUG</type><priority>MAJOR</priority><parameters/></rule><rule><repositoryKey>java</repositoryKey><key>S2160</key><type>CODE_SMELL</type><priority>MINOR</priority><parameters/></rule><rule><repositoryKey>java</repositoryKey><key>S2165</key><type>CODE_SMELL</type><priority>MINOR</priority><parameters/></rule><rule><repositoryKey>java</repositoryKey><key>S2166</key><type>CODE_SMELL</type><priority>MAJOR</priority><parameters/></rule><rule><repositoryKey>java</repositoryKey><key>S2167</key><type>BUG</type><priority>MINOR</priority><parameters/></rule><rule><repositoryKey>java</repositoryKey><key>S2168</key><type>BUG</type><priority>BLOCKER</priority><parameters/></rule><rule><repositoryKey>java</repositoryKey><key>S2175</key><type>BUG</type><priority>MAJOR</priority><parameters/></rule><rule><repositoryKey>java</repositoryKey><key>S2176</key><type>CODE_SMELL</type><priority>CRITICAL</priority><parameters/></rule><rule><repositoryKey>java</repositoryKey><key>S2177</key><type>BUG</type><priority>MAJOR</priority><parameters/></rule><rule><repositoryKey>java</repositoryKey><key>S2178</key><type>CODE_SMELL</type><priority>BLOCKER</priority><parameters/></rule><rule><repositoryKey>java</repositoryKey><key>S2183</key><type>BUG</type><priority>MINOR</priority><parameters/></rule><rule><repositoryKey>java</repositoryKey><key>S2184</key><type>BUG</type><priority>MINOR</priority><parameters/></rule><rule><repositoryKey>java</repositoryKey><key>S2185</key><type>CODE_SMELL</type><priority>MAJOR</priority><parameters/></rule><rule><repositoryKey>java</repositoryKey><key>S2186</key><type>CODE_SMELL</type><priority>CRITICAL</priority><parameters/></rule><rule><repositoryKey>java</repositoryKey><key>S2187</key><type>CODE_SMELL</type><priority>BLOCKER</priority><parameters/></rule><rule><repositoryKey>java</repositoryKey><key>S2188</key><type>CODE_SMELL</type><priority>BLOCKER</priority><parameters/></rule><rule><repositoryKey>java</repositoryKey><key>S2189</key><type>BUG</type><priority>BLOCKER</priority><parameters/></rule><rule><repositoryKey>java</repositoryKey><key>S2200</key><type>BUG</type><priority>MINOR</priority><parameters/></rule><rule><repositoryKey>java</repositoryKey><key>S2201</key><type>BUG</type><priority>MAJOR</priority><parameters/></rule><rule><repositoryKey>java</repositoryKey><key>S2204</key><type>BUG</type><priority>MAJOR</priority><parameters/></rule><rule><repositoryKey>java</repositoryKey><key>S2209</key><type>CODE_SMELL</type><priority>MAJOR</priority><parameters/></rule><rule><repositoryKey>java</repositoryKey><key>S2222</key><type>BUG</type><priority>CRITICAL</priority><parameters/></rule><rule><repositoryKey>java</repositoryKey><key>S2225</key><type>BUG</type><priority>MAJOR</priority><parameters/></rule><rule><repositoryKey>java</repositoryKey><key>S2226</key><type>BUG</type><priority>MAJOR</priority><parameters/></rule><rule><repositoryKey>java</repositoryKey><key>S2229</key><type>BUG</type><priority>BLOCKER</priority><parameters/></rule><rule><repositoryKey>java</repositoryKey><key>S2230</key><type>BUG</type><priority>MAJOR</priority><parameters/></rule><rule><repositoryKey>java</repositoryKey><key>S2232</key><type>CODE_SMELL</type><priority>MAJOR</priority><parameters/></rule><rule><repositoryKey>java</repositoryKey><key>S2234</key><type>CODE_SMELL</type><priority>MAJOR</priority><parameters/></rule><rule><repositoryKey>java</repositoryKey><key>S2235</key><type>CODE_SMELL</type><priority>CRITICAL</priority><parameters/></rule><rule><repositoryKey>java</repositoryKey><key>S2236</key><type>BUG</type><priority>BLOCKER</priority><parameters/></rule><rule><repositoryKey>java</repositoryKey><key>S2245</key><type>SECURITY_HOTSPOT</type><priority>CRITICAL</priority><parameters/></rule><rule><repositoryKey>java</repositoryKey><key>S2251</key><type>BUG</type><priority>MAJOR</priority><parameters/></rule><rule><repositoryKey>java</repositoryKey><key>S2252</key><type>BUG</type><priority>MAJOR</priority><parameters/></rule><rule><repositoryKey>java</repositoryKey><key>S2254</key><type>VULNERABILITY</type><priority>CRITICAL</priority><parameters/></rule><rule><repositoryKey>java</repositoryKey><key>S2255</key><type>SECURITY_HOTSPOT</type><priority>MINOR</priority><parameters/></rule><rule><repositoryKey>java</repositoryKey><key>S2257</key><type>SECURITY_HOTSPOT</type><priority>CRITICAL</priority><parameters/></rule><rule><repositoryKey>java</repositoryKey><key>S2259</key><type>BUG</type><priority>MAJOR</priority><parameters/></rule><rule><repositoryKey>java</repositoryKey><key>S2272</key><type>BUG</type><priority>MINOR</priority><parameters/></rule><rule><repositoryKey>java</repositoryKey><key>S2273</key><type>BUG</type><priority>MAJOR</priority><parameters/></rule><rule><repositoryKey>java</repositoryKey><key>S2274</key><type>CODE_SMELL</type><priority>CRITICAL</priority><parameters/></rule><rule><repositoryKey>java</repositoryKey><key>S2275</key><type>BUG</type><priority>BLOCKER</priority><parameters/></rule><rule><repositoryKey>java</repositoryKey><key>S2276</key><type>BUG</type><priority>BLOCKER</priority><parameters/></rule><rule><repositoryKey>java</repositoryKey><key>S2293</key><type>CODE_SMELL</type><priority>MINOR</priority><parameters/></rule><rule><repositoryKey>java</repositoryKey><key>S2326</key><type>CODE_SMELL</type><priority>MAJOR</priority><parameters/></rule><rule><repositoryKey>java</repositoryKey><key>S2386</key><type>VULNERABILITY</type><priority>MINOR</priority><parameters/></rule><rule><repositoryKey>java</repositoryKey><key>S2387</key><type>CODE_SMELL</type><priority>BLOCKER</priority><parameters/></rule><rule><repositoryKey>java</repositoryKey><key>S2388</key><type>CODE_SMELL</type><priority>MAJOR</priority><parameters/></rule><rule><repositoryKey>java</repositoryKey><key>S2390</key><type>CODE_SMELL</type><priority>CRITICAL</priority><parameters/></rule><rule><repositoryKey>java</repositoryKey><key>S2391</key><type>CODE_SMELL</type><priority>BLOCKER</priority><parameters/></rule><rule><repositoryKey>java</repositoryKey><key>S2437</key><type>CODE_SMELL</type><priority>BLOCKER</priority><parameters/></rule><rule><repositoryKey>java</repositoryKey><key>S2438</key><type>CODE_SMELL</type><priority>MAJOR</priority><parameters/></rule><rule><repositoryKey>java</repositoryKey><key>S2440</key><type>CODE_SMELL</type><priority>MAJOR</priority><parameters/></rule><rule><repositoryKey>java</repositoryKey><key>S2441</key><type>BUG</type><priority>MAJOR</priority><parameters/></rule><rule><repositoryKey>java</repositoryKey><key>S2442</key><type>CODE_SMELL</type><priority>MAJOR</priority><parameters/></rule><rule><repositoryKey>java</repositoryKey><key>S2445</key><type>BUG</type><priority>MAJOR</priority><parameters/></rule><rule><repositoryKey>java</repositoryKey><key>S2446</key><type>BUG</type><priority>MAJOR</priority><parameters/></rule><rule><repositoryKey>java</repositoryKey><key>S2447</key><type>CODE_SMELL</type><priority>CRITICAL</priority><parameters/></rule><rule><repositoryKey>java</repositoryKey><key>S2583</key><type>BUG</type><priority>MAJOR</priority><parameters/></rule><rule><repositoryKey>java</repositoryKey><key>S2589</key><type>CODE_SMELL</type><priority>MAJOR</priority><parameters/></rule><rule><repositoryKey>java</repositoryKey><key>S2612</key><type>VULNERABILITY</type><priority>MAJOR</priority><parameters/></rule><rule><repositoryKey>java</repositoryKey><key>S2629</key><type>CODE_SMELL</type><priority>MAJOR</priority><parameters/></rule><rule><repositoryKey>java</repositoryKey><key>S2637</key><type>BUG</type><priority>MINOR</priority><parameters/></rule><rule><repositoryKey>java</repositoryKey><key>S2638</key><type>CODE_SMELL</type><priority>CRITICAL</priority><parameters/></rule><rule><repositoryKey>java</repositoryKey><key>S2639</key><type>BUG</type><priority>MAJOR</priority><parameters/></rule><rule><repositoryKey>java</repositoryKey><key>S2647</key><type>VULNERABILITY</type><priority>CRITICAL</priority><parameters/></rule><rule><repositoryKey>java</repositoryKey><key>S2653</key><type>VULNERABILITY</type><priority>CRITICAL</priority><parameters/></rule><rule><repositoryKey>java</repositoryKey><key>S2674</key><type>BUG</type><priority>MINOR</priority><parameters/></rule><rule><repositoryKey>java</repositoryKey><key>S2675</key><type>CODE_SMELL</type><priority>MAJOR</priority><parameters/></rule><rule><repositoryKey>java</repositoryKey><key>S2676</key><type>BUG</type><priority>MINOR</priority><parameters/></rule><rule><repositoryKey>java</repositoryKey><key>S2677</key><type>BUG</type><priority>MAJOR</priority><parameters/></rule><rule><repositoryKey>java</repositoryKey><key>S2681</key><type>CODE_SMELL</type><priority>MAJOR</priority><parameters/></rule><rule><repositoryKey>java</repositoryKey><key>S2689</key><type>BUG</type><priority>BLOCKER</priority><parameters/></rule><rule><repositoryKey>java</repositoryKey><key>S2692</key><type>CODE_SMELL</type><priority>CRITICAL</priority><parameters/></rule><rule><repositoryKey>java</repositoryKey><key>S2695</key><type>BUG</type><priority>BLOCKER</priority><parameters/></rule><rule><repositoryKey>java</repositoryKey><key>S2696</key><type>CODE_SMELL</type><priority>CRITICAL</priority><parameters/></rule><rule><repositoryKey>java</repositoryKey><key>S2699</key><type>CODE_SMELL</type><priority>BLOCKER</priority><parameters/></rule><rule><repositoryKey>java</repositoryKey><key>S2718</key><type>CODE_SMELL</type><priority>MAJOR</priority><parameters/></rule><rule><repositoryKey>java</repositoryKey><key>S2737</key><type>CODE_SMELL</type><priority>MINOR</priority><parameters/></rule><rule><repositoryKey>java</repositoryKey><key>S2755</key><type>VULNERABILITY</type><priority>BLOCKER</priority><parameters/></rule><rule><repositoryKey>java</repositoryKey><key>S2757</key><type>BUG</type><priority>MAJOR</priority><parameters/></rule><rule><repositoryKey>java</repositoryKey><key>S2761</key><type>BUG</type><priority>MAJOR</priority><parameters/></rule><rule><repositoryKey>java</repositoryKey><key>S2786</key><type>CODE_SMELL</type><priority>MINOR</priority><parameters/></rule><rule><repositoryKey>java</repositoryKey><key>S2789</key><type>BUG</type><priority>MAJOR</priority><parameters/></rule><rule><repositoryKey>java</repositoryKey><key>S2864</key><type>CODE_SMELL</type><priority>MAJOR</priority><parameters/></rule><rule><repositoryKey>java</repositoryKey><key>S2885</key><type>BUG</type><priority>MAJOR</priority><parameters/></rule><rule><repositoryKey>java</repositoryKey><key>S2886</key><type>BUG</type><priority>MAJOR</priority><parameters/></rule><rule><repositoryKey>java</repositoryKey><key>S2912</key><type>CODE_SMELL</type><priority>MINOR</priority><parameters/></rule><rule><repositoryKey>java</repositoryKey><key>S2924</key><type>CODE_SMELL</type><priority>MINOR</priority><parameters/></rule><rule><repositoryKey>java</repositoryKey><key>S2925</key><type>CODE_SMELL</type><priority>MAJOR</priority><parameters/></rule><rule><repositoryKey>java</repositoryKey><key>S2970</key><type>CODE_SMELL</type><priority>BLOCKER</priority><parameters/></rule><rule><repositoryKey>java</repositoryKey><key>S2975</key><type>CODE_SMELL</type><priority>BLOCKER</priority><parameters/></rule><rule><repositoryKey>java</repositoryKey><key>S2976</key><type>VULNERABILITY</type><priority>CRITICAL</priority><parameters/></rule><rule><repositoryKey>java</repositoryKey><key>S3008</key><type>CODE_SMELL</type><priority>MINOR</priority><parameters><parameter><key>format</key><value>^[a-z][a-zA-Z0-9]*$</value></parameter></parameters></rule><rule><repositoryKey>java</repositoryKey><key>S3010</key><type>CODE_SMELL</type><priority>MAJOR</priority><parameters/></rule><rule><repositoryKey>java</repositoryKey><key>S3011</key><type>SECURITY_HOTSPOT</type><priority>CRITICAL</priority><parameters/></rule><rule><repositoryKey>java</repositoryKey><key>S3012</key><type>CODE_SMELL</type><priority>MINOR</priority><parameters/></rule><rule><repositoryKey>java</repositoryKey><key>S3014</key><type>CODE_SMELL</type><priority>BLOCKER</priority><parameters/></rule><rule><repositoryKey>java</repositoryKey><key>S3020</key><type>BUG</type><priority>MINOR</priority><parameters/></rule><rule><repositoryKey>java</repositoryKey><key>S3027</key><type>CODE_SMELL</type><priority>MAJOR</priority><parameters/></rule><rule><repositoryKey>java</repositoryKey><key>S3034</key><type>BUG</type><priority>MAJOR</priority><parameters/></rule><rule><repositoryKey>java</repositoryKey><key>S3038</key><type>CODE_SMELL</type><priority>MINOR</priority><parameters/></rule><rule><repositoryKey>java</repositoryKey><key>S3039</key><type>BUG</type><priority>MAJOR</priority><parameters/></rule><rule><repositoryKey>java</repositoryKey><key>S3042</key><type>CODE_SMELL</type><priority>MAJOR</priority><parameters/></rule><rule><repositoryKey>java</repositoryKey><key>S3046</key><type>BUG</type><priority>BLOCKER</priority><parameters/></rule><rule><repositoryKey>java</repositoryKey><key>S3064</key><type>BUG</type><priority>MAJOR</priority><parameters/></rule><rule><repositoryKey>java</repositoryKey><key>S3065</key><type>BUG</type><priority>MAJOR</priority><parameters/></rule><rule><repositoryKey>java</repositoryKey><key>S3066</key><type>VULNERABILITY</type><priority>MINOR</priority><parameters/></rule><rule><repositoryKey>java</repositoryKey><key>S3067</key><type>BUG</type><priority>MAJOR</priority><parameters/></rule><rule><repositoryKey>java</repositoryKey><key>S3077</key><type>BUG</type><priority>MINOR</priority><parameters/></rule><rule><repositoryKey>java</repositoryKey><key>S3078</key><type>BUG</type><priority>MAJOR</priority><parameters/></rule><rule><repositoryKey>java</repositoryKey><key>S3252</key><type>CODE_SMELL</type><priority>CRITICAL</priority><parameters/></rule><rule><repositoryKey>java</repositoryKey><key>S3281</key><type>VULNERABILITY</type><priority>BLOCKER</priority><parameters/></rule><rule><repositoryKey>java</repositoryKey><key>S3305</key><type>CODE_SMELL</type><priority>CRITICAL</priority><parameters/></rule><rule><repositoryKey>java</repositoryKey><key>S3330</key><type>SECURITY_HOTSPOT</type><priority>MINOR</priority><parameters/></rule><rule><repositoryKey>java</repositoryKey><key>S3346</key><type>BUG</type><priority>MAJOR</priority><parameters/></rule><rule><repositoryKey>java</repositoryKey><key>S3355</key><type>VULNERABILITY</type><priority>CRITICAL</priority><parameters/></rule><rule><repositoryKey>java</repositoryKey><key>S3358</key><type>CODE_SMELL</type><priority>MAJOR</priority><parameters/></rule><rule><repositoryKey>java</repositoryKey><key>S3374</key><type>VULNERABILITY</type><priority>BLOCKER</priority><parameters/></rule><rule><repositoryKey>java</repositoryKey><key>S3398</key><type>CODE_SMELL</type><priority>MINOR</priority><parameters/></rule><rule><repositoryKey>java</repositoryKey><key>S3400</key><type>CODE_SMELL</type><priority>MINOR</priority><parameters/></rule><rule><repositoryKey>java</repositoryKey><key>S3415</key><type>CODE_SMELL</type><priority>MAJOR</priority><parameters/></rule><rule><repositoryKey>java</repositoryKey><key>S3416</key><type>CODE_SMELL</type><priority>MINOR</priority><parameters/></rule><rule><repositoryKey>java</repositoryKey><key>S3421</key><type>CODE_SMELL</type><priority>MINOR</priority><parameters/></rule><rule><repositoryKey>java</repositoryKey><key>S3422</key><type>BUG</type><priority>CRITICAL</priority><parameters/></rule><rule><repositoryKey>java</repositoryKey><key>S3436</key><type>BUG</type><priority>MAJOR</priority><parameters/></rule><rule><repositoryKey>java</repositoryKey><key>S3438</key><type>BUG</type><priority>MAJOR</priority><parameters/></rule><rule><repositoryKey>java</repositoryKey><key>S3439</key><type>BUG</type><priority>MAJOR</priority><parameters/></rule><rule><repositoryKey>java</repositoryKey><key>S3457</key><type>CODE_SMELL</type><priority>MAJOR</priority><parameters/></rule><rule><repositoryKey>java</repositoryKey><key>S3516</key><type>CODE_SMELL</type><priority>BLOCKER</priority><parameters/></rule><rule><repositoryKey>java</repositoryKey><key>S3518</key><type>BUG</type><priority>CRITICAL</priority><parameters/></rule><rule><repositoryKey>java</repositoryKey><key>S3551</key><type>BUG</type><priority>MAJOR</priority><parameters/></rule><rule><repositoryKey>java</repositoryKey><key>S3599</key><type>BUG</type><priority>MINOR</priority><parameters/></rule><rule><repositoryKey>java</repositoryKey><key>S3626</key><type>CODE_SMELL</type><priority>MINOR</priority><parameters/></rule><rule><repositoryKey>java</repositoryKey><key>S3631</key><type>CODE_SMELL</type><priority>MAJOR</priority><parameters/></rule><rule><repositoryKey>java</repositoryKey><key>S3655</key><type>BUG</type><priority>MAJOR</priority><parameters/></rule><rule><repositoryKey>java</repositoryKey><key>S3740</key><type>CODE_SMELL</type><priority>MAJOR</priority><parameters/></rule><rule><repositoryKey>java</repositoryKey><key>S3751</key><type>VULNERABILITY</type><priority>BLOCKER</priority><parameters/></rule><rule><repositoryKey>java</repositoryKey><key>S3752</key><type>VULNERABILITY</type><priority>CRITICAL</priority><parameters/></rule><rule><repositoryKey>java</repositoryKey><key>S3753</key><type>BUG</type><priority>BLOCKER</priority><parameters/></rule><rule><repositoryKey>java</repositoryKey><key>S3776</key><type>CODE_SMELL</type><priority>MAJOR</priority><parameters><parameter><key>Threshold</key><value>15</value></parameter></parameters></rule><rule><repositoryKey>java</repositoryKey><key>S3822</key><type>BUG</type><priority>CRITICAL</priority><parameters/></rule><rule><repositoryKey>java</repositoryKey><key>S3824</key><type>CODE_SMELL</type><priority>MAJOR</priority><parameters/></rule><rule><repositoryKey>java</repositoryKey><key>S3864</key><type>CODE_SMELL</type><priority>MAJOR</priority><parameters/></rule><rule><repositoryKey>java</repositoryKey><key>S3878</key><type>CODE_SMELL</type><priority>MINOR</priority><parameters/></rule><rule><repositoryKey>java</repositoryKey><key>S3923</key><type>BUG</type><priority>MAJOR</priority><parameters/></rule><rule><repositoryKey>java</repositoryKey><key>S3958</key><type>BUG</type><priority>MAJOR</priority><parameters/></rule><rule><repositoryKey>java</repositoryKey><key>S3959</key><type>BUG</type><priority>MAJOR</priority><parameters/></rule><rule><repositoryKey>java</repositoryKey><key>S3972</key><type>CODE_SMELL</type><priority>CRITICAL</priority><parameters/></rule><rule><repositoryKey>java</repositoryKey><key>S3973</key><type>CODE_SMELL</type><priority>CRITICAL</priority><parameters/></rule><rule><repositoryKey>java</repositoryKey><key>S3981</key><type>BUG</type><priority>MAJOR</priority><parameters/></rule><rule><repositoryKey>java</repositoryKey><key>S3984</key><type>BUG</type><priority>MAJOR</priority><parameters/></rule><rule><repositoryKey>java</repositoryKey><key>S3985</key><type>CODE_SMELL</type><priority>MAJOR</priority><parameters/></rule><rule><repositoryKey>java</repositoryKey><key>S3986</key><type>BUG</type><priority>MAJOR</priority><parameters/></rule><rule><repositoryKey>java</repositoryKey><key>S4032</key><type>CODE_SMELL</type><priority>MINOR</priority><parameters/></rule><rule><repositoryKey>java</repositoryKey><key>S4034</key><type>CODE_SMELL</type><priority>MINOR</priority><parameters/></rule><rule><repositoryKey>java</repositoryKey><key>S4042</key><type>CODE_SMELL</type><priority>MAJOR</priority><parameters/></rule><rule><repositoryKey>java</repositoryKey><key>S4065</key><type>CODE_SMELL</type><priority>MINOR</priority><parameters/></rule><rule><repositoryKey>java</repositoryKey><key>S4087</key><type>CODE_SMELL</type><priority>MINOR</priority><parameters/></rule><rule><repositoryKey>java</repositoryKey><key>S4143</key><type>BUG</type><priority>MAJOR</priority><parameters/></rule><rule><repositoryKey>java</repositoryKey><key>S4144</key><type>CODE_SMELL</type><priority>MAJOR</priority><parameters/></rule><rule><repositoryKey>java</repositoryKey><key>S4165</key><type>CODE_SMELL</type><priority>MAJOR</priority><parameters/></rule><rule><repositoryKey>java</repositoryKey><key>S4201</key><type>CODE_SMELL</type><priority>MINOR</priority><parameters/></rule><rule><repositoryKey>java</repositoryKey><key>S4274</key><type>CODE_SMELL</type><priority>MAJOR</priority><parameters/></rule><rule><repositoryKey>java</repositoryKey><key>S4275</key><type>BUG</type><priority>CRITICAL</priority><parameters/></rule><rule><repositoryKey>java</repositoryKey><key>S4276</key><type>CODE_SMELL</type><priority>MINOR</priority><parameters/></rule><rule><repositoryKey>java</repositoryKey><key>S4347</key><type>VULNERABILITY</type><priority>CRITICAL</priority><parameters/></rule><rule><repositoryKey>java</repositoryKey><key>S4348</key><type>BUG</type><priority>MAJOR</priority><parameters/></rule><rule><repositoryKey>java</repositoryKey><key>S4349</key><type>CODE_SMELL</type><priority>MINOR</priority><parameters/></rule><rule><repositoryKey>java</repositoryKey><key>S4351</key><type>BUG</type><priority>MAJOR</priority><parameters/></rule><rule><repositoryKey>java</repositoryKey><key>S4423</key><type>VULNERABILITY</type><priority>MAJOR</priority><parameters/></rule><rule><repositoryKey>java</repositoryKey><key>S4425</key><type>CODE_SMELL</type><priority>MAJOR</priority><parameters/></rule><rule><repositoryKey>java</repositoryKey><key>S4426</key><type>VULNERABILITY</type><priority>BLOCKER</priority><parameters/></rule><rule><repositoryKey>java</repositoryKey><key>S4433</key><type>VULNERABILITY</type><priority>CRITICAL</priority><parameters/></rule><rule><repositoryKey>java</repositoryKey><key>S4434</key><type>VULNERABILITY</type><priority>BLOCKER</priority><parameters/></rule><rule><repositoryKey>java</repositoryKey><key>S4449</key><type>CODE_SMELL</type><priority>MAJOR</priority><parameters/></rule><rule><repositoryKey>java</repositoryKey><key>S4454</key><type>CODE_SMELL</type><priority>CRITICAL</priority><parameters/></rule><rule><repositoryKey>java</repositoryKey><key>S4488</key><type>CODE_SMELL</type><priority>MINOR</priority><parameters/></rule><rule><repositoryKey>java</repositoryKey><key>S4502</key><type>SECURITY_HOTSPOT</type><priority>CRITICAL</priority><parameters/></rule><rule><repositoryKey>java</repositoryKey><key>S4507</key><type>SECURITY_HOTSPOT</type><priority>MINOR</priority><parameters/></rule><rule><repositoryKey>java</repositoryKey><key>S4508</key><type>SECURITY_HOTSPOT</type><priority>CRITICAL</priority><parameters/></rule><rule><repositoryKey>java</repositoryKey><key>S4510</key><type>SECURITY_HOTSPOT</type><priority>CRITICAL</priority><parameters/></rule><rule><repositoryKey>java</repositoryKey><key>S4512</key><type>SECURITY_HOTSPOT</type><priority>CRITICAL</priority><parameters/></rule><rule><repositoryKey>java</repositoryKey><key>S4517</key><type>BUG</type><priority>MAJOR</priority><parameters/></rule><rule><repositoryKey>java</repositoryKey><key>S4524</key><type>CODE_SMELL</type><priority>CRITICAL</priority><parameters/></rule><rule><repositoryKey>java</repositoryKey><key>S4544</key><type>SECURITY_HOTSPOT</type><priority>CRITICAL</priority><parameters/></rule><rule><repositoryKey>java</repositoryKey><key>S4601</key><type>VULNERABILITY</type><priority>CRITICAL</priority><parameters/></rule><rule><repositoryKey>java</repositoryKey><key>S4602</key><type>BUG</type><priority>BLOCKER</priority><parameters/></rule><rule><repositoryKey>java</repositoryKey><key>S4635</key><type>CODE_SMELL</type><priority>CRITICAL</priority><parameters/></rule><rule><repositoryKey>java</repositoryKey><key>S4682</key><type>CODE_SMELL</type><priority>MINOR</priority><parameters/></rule><rule><repositoryKey>java</repositoryKey><key>S4684</key><type>VULNERABILITY</type><priority>CRITICAL</priority><parameters/></rule><rule><repositoryKey>java</repositoryKey><key>S4719</key><type>CODE_SMELL</type><priority>MINOR</priority><parameters/></rule><rule><repositoryKey>java</repositoryKey><key>S4738</key><type>CODE_SMELL</type><priority>MAJOR</priority><parameters/></rule><rule><repositoryKey>java</repositoryKey><key>S4784</key><type>SECURITY_HOTSPOT</type><priority>CRITICAL</priority><parameters/></rule><rule><repositoryKey>java</repositoryKey><key>S4787</key><type>SECURITY_HOTSPOT</type><priority>CRITICAL</priority><parameters/></rule><rule><repositoryKey>java</repositoryKey><key>S4790</key><type>SECURITY_HOTSPOT</type><priority>CRITICAL</priority><parameters/></rule><rule><repositoryKey>java</repositoryKey><key>S4792</key><type>SECURITY_HOTSPOT</type><priority>CRITICAL</priority><parameters/></rule><rule><repositoryKey>java</repositoryKey><key>S4818</key><type>SECURITY_HOTSPOT</type><priority>CRITICAL</priority><parameters/></rule><rule><repositoryKey>java</repositoryKey><key>S4823</key><type>SECURITY_HOTSPOT</type><priority>CRITICAL</priority><parameters/></rule><rule><repositoryKey>java</repositoryKey><key>S4829</key><type>SECURITY_HOTSPOT</type><priority>CRITICAL</priority><parameters/></rule><rule><repositoryKey>java</repositoryKey><key>S4830</key><type>VULNERABILITY</type><priority>CRITICAL</priority><parameters/></rule><rule><repositoryKey>java</repositoryKey><key>S4834</key><type>SECURITY_HOTSPOT</type><priority>CRITICAL</priority><parameters/></rule><rule><repositoryKey>java</repositoryKey><key>S4838</key><type>CODE_SMELL</type><priority>MINOR</priority><parameters/></rule><rule><repositoryKey>java</repositoryKey><key>S4925</key><type>CODE_SMELL</type><priority>MAJOR</priority><parameters/></rule><rule><repositoryKey>java</repositoryKey><key>S4929</key><type>CODE_SMELL</type><priority>MINOR</priority><parameters/></rule><rule><repositoryKey>java</repositoryKey><key>S4973</key><type>BUG</type><priority>MAJOR</priority><parameters/></rule><rule><repositoryKey>java</repositoryKey><key>S5042</key><type>SECURITY_HOTSPOT</type><priority>CRITICAL</priority><parameters/></rule><rule><repositoryKey>java</repositoryKey><key>S5122</key><type>SECURITY_HOTSPOT</type><priority>MINOR</priority><parameters/></rule><rule><repositoryKey>java</repositoryKey><key>S5164</key><type>BUG</type><priority>MAJOR</priority><parameters/></rule><rule><repositoryKey>java</repositoryKey><key>S5261</key><type>CODE_SMELL</type><priority>MAJOR</priority><parameters/></rule><rule><repositoryKey>java</repositoryKey><key>S5300</key><type>SECURITY_HOTSPOT</type><priority>CRITICAL</priority><parameters/></rule><rule><repositoryKey>java</repositoryKey><key>S5301</key><type>VULNERABILITY</type><priority>MINOR</priority><parameters/></rule><rule><repositoryKey>java</repositoryKey><key>S5304</key><type>SECURITY_HOTSPOT</type><priority>CRITICAL</priority><parameters/></rule><rule><repositoryKey>java</repositoryKey><key>S5320</key><type>SECURITY_HOTSPOT</type><priority>CRITICAL</priority><parameters/></rule><rule><repositoryKey>java</repositoryKey><key>S5322</key><type>SECURITY_HOTSPOT</type><priority>CRITICAL</priority><parameters/></rule><rule><repositoryKey>java</repositoryKey><key>S5324</key><type>SECURITY_HOTSPOT</type><priority>CRITICAL</priority><parameters/></rule><rule><repositoryKey>java</repositoryKey><key>S5326</key><type>SECURITY_HOTSPOT</type><priority>CRITICAL</priority><parameters/></rule><rule><repositoryKey>java</repositoryKey><key>S5344</key><type>VULNERABILITY</type><priority>CRITICAL</priority><parameters/></rule><rule><repositoryKey>java</repositoryKey><key>S5361</key><type>CODE_SMELL</type><priority>CRITICAL</priority><parameters/></rule><rule><repositoryKey>java</repositoryKey><key>S5411</key><type>CODE_SMELL</type><priority>MINOR</priority><parameters/></rule><rule><repositoryKey>java</repositoryKey><key>S5413</key><type>CODE_SMELL</type><priority>MAJOR</priority><parameters/></rule><rule><repositoryKey>java</repositoryKey><key>S5527</key><type>VULNERABILITY</type><priority>CRITICAL</priority><parameters/></rule><rule><repositoryKey>java</repositoryKey><key>S5542</key><type>VULNERABILITY</type><priority>BLOCKER</priority><parameters/></rule><rule><repositoryKey>java</repositoryKey><key>S5547</key><type>VULNERABILITY</type><priority>CRITICAL</priority><parameters/></rule><rule><repositoryKey>java</repositoryKey><key>S5679</key><type>VULNERABILITY</type><priority>MAJOR</priority><parameters/></rule><rule><repositoryKey>java</repositoryKey><key>S5738</key><type>CODE_SMELL</type><priority>MAJOR</priority><parameters/></rule><rule><repositoryKey>java</repositoryKey><key>S899</key><type>VULNERABILITY</type><priority>MINOR</priority><parameters/></rule></rules></profile>